Id,Name,Email
0,anonymous,
1,Morgan Has,MHas366@icloud.com
2,Oscar Loson,OLoson560@yahoo.com
3,Sydney Leasure,SLeasure615@hotmail.com
4,Octavio Talsma,OTalsma32@yahoo.com
5,Vern Bosley,VBosley84@yahoo.com
6,Monte Wendlandt,MWendlandt412@msn.com
7,Bethanie Tankson,BTankson35@icloud.com
8,Chris Hapeman,CHapeman182@yahoo.com
9,Andrew Mesia,AMesia23@hotmail.com
10,Reginald Spiva,RSpiva579@icloud.com
11,Lajuana Battenhouse,LBattenhouse794@icloud.com
12,Lin Isreal,LIsreal918@icloud.com
13,Wilber Gavette,WGavette477@yahoo.com
14,Andreas Wiechert,AWiechert153@icloud.com
15,Michel Seabrook,MSeabrook945@icloud.com
16,Tamisha Melgar,TMelgar570@msn.com
17,Maurice Dalbeck,MDalbeck773@yahoo.com
18,Suanne Phaymany,SPhaymany50@yahoo.com
19,Dean Zimbelman,DZimbelman148@hotmail.com
20,Salome Lawhead,SLawhead118@gmail.com
21,Arvilla Mcclurg,AMcclurg955@hotmail.com
22,Shery Snyder,SSnyder946@yahoo.com
23,Jong Underkofler,JUnderkofler587@hotmail.com
24,Michel Aderhold,MAderhold29@yahoo.com
25,Armando Eichman,AEichman151@msn.com